<ValueSet xmlns="http://www.hl7.org/fhir">
  <id value="address-type"/> 
  <meta> 
    <lastUpdated value="2017-04-19T07:44:43.294+10:00"/> 
    <profile value="http://www.hl7.org/fhir/StructureDefinition/shareablevalueset"/> 
  </meta> 
  <text> 
    <status value="generated"/> 
    <div xmlns="http://www.w3.org/1999/xhtml">
      <h2> AddressType</h2> 
      <div> 
        <p> The type of an address (physical / postal)</p> 

      </div> 
      <p> This value set includes codes from the following code systems:</p> 
      <ul> 
        <li> Include all codes defined in 
          <a href="codesystem-address-type.html">
            <code> http://www.hl7.org/fhir/address-type</code> 
          </a> 
        </li> 
      </ul> 
    </div> 
  </text> 
  <extension url="http://www.hl7.org/fhir/StructureDefinition/structuredefinition-ballot-status">
    <valueString value="Informative"/> 
  </extension> 
  <extension url="http://www.hl7.org/fhir/StructureDefinition/structuredefinition-fmm">
    <valueInteger value="0"/> 
  </extension> 
  <extension url="http://www.hl7.org/fhir/StructureDefinition/structuredefinition-wg">
    <valueCode value="fhir"/> 
  </extension> 
  <url value="http://www.hl7.org/fhir/ValueSet/address-type"/> 
  <identifier> 
    <system value="urn:ietf:rfc:3986"/> 
    <value value="urn:oid:2.16.840.1.113883.4.642.3.62"/> 
  </identifier> 
  <version value="3.0.1"/> 
  <name value="AddressType"/> 
  <status value="draft"/> 
  <experimental value="false"/> 
  <date value="2017-04-19T07:44:43+10:00"/> 
  <publisher value="HL7 (FHIR Project)"/> 
  <contact> 
    <telecom> 
      <system value="url"/> 
      <value value="http://www.hl7.org/fhir"/> 
    </telecom> 
    <telecom> 
      <system value="email"/> 
      <value value="fhir@lists.www.hl7.org"/> 
    </telecom> 
  </contact> 
  <description value="The type of an address (physical / postal)"/> 
  <immutable value="true"/> 
  <compose> 
    <include> 
      <system value="http://www.hl7.org/fhir/address-type"/> 
    </include> 
  </compose> 
</ValueSet> 