<ValueSet xmlns="http://www.hl7.org/fhir">
  <id value="age-units" />
  <meta>
    <lastUpdated value="2017-04-19T07:44:43.294+10:00" />
    <profile value="http://www.hl7.org/fhir/StructureDefinition/shareablevalueset" />
  </meta>
  <text>
    <status value="generated" />
    <div xmlns="http://www.w3.org/1999/xhtml">
      <p> 
        This value set includes all possible UCUM codes used for Age - that it is, all
         units which have the same canonical unit as "a" (year)
      </p>
      <p>  
        The UCUM codes, UCUM table (regardless of format), and UCUM Specification are
         copyright © 1999-2009, Regenstrief Institute, Inc. and the Unified Codes for Units of
         Measures (UCUM) Organization. All rights reserved.
     </p>
    </div>
  </text>
  <extension url="http://www.hl7.org/fhir/StructureDefinition/structuredefinition-ballot-status">
    <valueString value="Informative" />
  </extension>
  <extension url="http://www.hl7.org/fhir/StructureDefinition/structuredefinition-fmm">
    <valueInteger value="0" />
  </extension>
  <url value="http://www.hl7.org/fhir/ValueSet/age-units" />
  <identifier>
    <system value="urn:ietf:rfc:3986" />
    <value value="urn:oid:2.16.840.1.113883.4.642.3.19" />
  </identifier>
  <version value="3.0.1" />
  <name value="AgeUnitOfMeasure" />
  <status value="draft" />
  <experimental value="true" />
  <date value="2017-04-19T07:44:43+10:00" />
  <publisher value="FHIR Project team" />
  <contact>
    <telecom>
      <system value="url" />
      <value value="http://www.hl7.org/fhir" />
    </telecom>
  </contact>
  <description value="Unified Code for Units of Measure (UCUM). This value set includes all UCUM codes" />
  <copyright value="The UCUM codes, UCUM table (regardless of format), and UCUM Specification are copyright    © 1999-2009, Regenstrief Institute, Inc. and the Unified Codes for Units of Measures (UCUM)    Organization. All rights reserved." />
  <compose>
    <include>
      <system value="http://unitsofmeasure.org" />
      <concept>
        <code value="min" />
        <display value="minutes" />
      </concept>
      <concept>
        <code value="h" />
        <display value="hours" />
      </concept>
      <concept>
        <code value="d" />
        <display value="days" />
      </concept>
      <concept>
        <code value="wk" />
        <display value="weeks" />
      </concept>
      <concept>
        <code value="mo" />
        <display value="months" />
      </concept>
      <concept>
        <code value="a" />
        <display value="years" />
      </concept>
    </include>
  </compose>
</ValueSet>