<ValueSet xmlns="http://www.hl7.org/fhir">
  <id value="bundle-type"/> 
  <meta> 
    <lastUpdated value="2018-12-27T22:37:54.724+11:00"/> 
    <profile value="http://www.hl7.org/fhir/StructureDefinition/shareablevalueset"/> 
  </meta> 
  <text> 
    <status value="generated"/> 
    <div xmlns="http://www.w3.org/1999/xhtml">
      <h2> BundleType</h2> 
      <div> 
        <p> Indicates the purpose of a bundle - how it is intended to be used.</p> 

      </div> 
      <p> This value set includes codes from the following code systems:</p> 
      <ul> 
        <li> Include all codes defined in 
          <a href="codesystem-bundle-type.html">
            <code> http://www.hl7.org/fhir/bundle-type</code> 
          </a> 
        </li> 
      </ul> 
    </div> 
  </text> 
  <extension url="http://www.hl7.org/fhir/StructureDefinition/structuredefinition-wg">
    <valueCode value="fhir"/> 
  </extension> 
  <extension url="http://www.hl7.org/fhir/StructureDefinition/structuredefinition-standards-status">
    <valueCode value="normative"/> 
  </extension> 
  <extension url="http://www.hl7.org/fhir/StructureDefinition/structuredefinition-normative-version">
    <valueCode value="4.0.0"/> 
  </extension> 
  <extension url="http://www.hl7.org/fhir/StructureDefinition/structuredefinition-fmm">
    <valueInteger value="5"/> 
  </extension> 
  <url value="http://www.hl7.org/fhir/ValueSet/bundle-type"/> 
  <identifier> 
    <system value="urn:ietf:rfc:3986"/> 
    <value value="urn:oid:2.16.840.1.113883.4.642.3.620"/> 
  </identifier> 
  <version value="4.0.0"/> 
  <name value="BundleType"/> 
  <title value="BundleType"/> 
  <status value="active"/> 
  <experimental value="false"/> 
  <date value="2018-12-27T22:37:54+11:00"/> 
  <publisher value="HL7 (FHIR Project)"/> 
  <contact> 
    <telecom> 
      <system value="url"/> 
      <value value="http://www.hl7.org/fhir"/> 
    </telecom> 
    <telecom> 
      <system value="email"/> 
      <value value="fhir@lists.www.hl7.org"/> 
    </telecom> 
  </contact> 
  <description value="Indicates the purpose of a bundle - how it is intended to be used."/> 
  <immutable value="true"/> 
  <compose> 
    <include> 
      <system value="http://www.hl7.org/fhir/bundle-type"/> 
    </include> 
  </compose> 
</ValueSet> 