<?xml version="1.0" encoding="UTF-8"?>
<ValueSet xmlns="http://www.hl7.org/fhir">
    <id value="decedentBodyDispositionMethod"/>
    <url
        value="http://www.hl7.org/fhir/us/vrdr/valueset/decedentBodyDispositionMethod"/>
    <identifier>
        <system value="http://snomed.info/sct"/>
        <value value="decedentBodyDispositionMethod"/>
    </identifier>
    <version value="0.1.0"/>
    <name value="decedentBodyDispositionMethod"/>
    <title value="decedentBodyDispositionMethod ValueSet"/>
    <status value="draft"/>
    <date value="2018-06-14T00:00:00-04:00"/>
    <publisher value="Hi3 Solutions" />
    <contact>
        <name value="AbdulMalik Shakir" />
        <telecom>
            <system value="email" />
            <value value="abdulmalik.shakir@hi3solutions.com" />
            <use value="work" />
        </telecom>
    </contact>
    <description
        value="Method of disposition of decedent's remains."/>
    <compose>
        <include>
            <system value="http://snomed.info/sct"/>
            <concept>
                <code value="449951000124101"/>
                <display value="Donation"/>
            </concept>
            <concept>
                <code value="449971000124106"/>
                <display value="Burial"/>
            </concept>
            <concept>
                <code value="449961000124104"/>
                <display value="Cremation"/>
            </concept>
            <concept>
                <code value="449931000124108"/>
                <display value="Entombment"/>
            </concept>
            <concept>
                <code value="449941000124103"/>
                <display value="Removal from state"/>
            </concept>
            <concept>
                <code value="455401000124109"/>
                <display value="Hospital Disposition"/>
            </concept>
        </include>
        <include>
            <system value="http://www.hl7.org/fhir/v3/NullFlavor"/>
            <concept>
                <code value="UNK"/>
                <display value="Unknown"/>
            </concept>
            <concept>
                <code value="OTH"/>
                <display value="Other"/>
            </concept>
        </include>
    </compose>
</ValueSet>
