<ValueSet xmlns="http://www.hl7.org/fhir">
  <id value="detailed-ethnicity"/>
  <text>
    <status value="generated"/>
    <div xmlns="http://www.w3.org/1999/xhtml"><h2>US-Core Detailed ethnicity</h2><div><p>The 41 <a href="http://www.cdc.gov/phin/resources/vocabulary/index.html">CDC ethnicity codes</a> that are grouped under one of the 2 OMB ethnicity category codes.</p>
</div><p>This value set includes codes from the following code systems:</p><ul><li>Include codes from <a href="CodeSystem-cdcrec.html"><code>urn:oid:2.16.840.1.113883.6.238</code></a> where concept  is-a  <a href="CodeSystem-cdcrec.html#cdcrec-2133-7">2133-7</a></li><li>Exclude these codes as defined in <a href="CodeSystem-cdcrec.html"><code>urn:oid:2.16.840.1.113883.6.238</code></a><table class="none"><tr><td style="white-space:nowrap"><b>Code</b></td><td><b>Display</b></td></tr><tr><td><a href="CodeSystem-cdcrec.html#cdcrec-2135-2">2135-2</a></td><td>Hispanic or Latino</td><td>Hispanic or Latino</td></tr><tr><td><a href="CodeSystem-cdcrec.html#cdcrec-2186-5">2186-5</a></td><td>Not Hispanic or Latino</td><td>Note that this term remains in the table for completeness, even though within HL7, the notion of &quot;not otherwise coded&quot; term is deprecated.</td></tr></table></li></ul></div>
  </text>
  <url value="http://www.hl7.org/fhir/us/core/ValueSet/detailed-ethnicity"/>
  <version value="2.0.0"/>
  <name value="US-Core Detailed ethnicity"/>
  <status value="draft"/>
  <date value="2016-08-30T00:00:00+10:00"/>
  <publisher value="HL7 US Realm Steering Committee"/>
  <description
               value="The 41 [CDC ethnicity codes](http://www.cdc.gov/phin/resources/vocabulary/index.html) that are grouped under one of the 2 OMB ethnicity category codes."/>
  <jurisdiction>
    <coding>
      <system value="urn:iso:std:iso:3166"/>
      <code value="US"/>
      <display value="United States of America"/>
    </coding>
  </jurisdiction>
  <compose>
    <include>
      <system value="urn:oid:2.16.840.1.113883.6.238"/>
      <filter>
        <property value="concept"/>
        <op value="is-a"/>
        <value value="2133-7"/>
      </filter>
    </include>
    <exclude>
      <system value="urn:oid:2.16.840.1.113883.6.238"/>
      <concept>
        <code value="2135-2"/>
      </concept>
      <concept>
        <code value="2186-5"/>
      </concept>
    </exclude>
  </compose>
</ValueSet>