<CodeSystem xmlns="http://www.hl7.org/fhir">
  <id value="list-status"/> 
  <meta> 
    <lastUpdated value="2018-12-27T22:37:54.724+11:00"/> 
  </meta> 
  <text> 
    <status value="generated"/> 
    <div xmlns="http://www.w3.org/1999/xhtml">
      <h2> ListStatus</h2> 
      <div> 
        <p> The current state of the list.</p> 

      </div> 
      <p> This code system http://www.hl7.org/fhir/list-status defines the following codes:</p> 
      <table class="codes">
        <tr> 
          <td style="white-space:nowrap">
            <b> Code</b> 
          </td> 
          <td> 
            <b> Display</b> 
          </td> 
          <td> 
            <b> Definition</b> 
          </td> 
        </tr> 
        <tr> 
          <td style="white-space:nowrap">current
            <a name="list-status-current"> </a> 
          </td> 
          <td> Current</td> 
          <td> The list is considered to be an active part of the patient's record.</td> 
        </tr> 
        <tr> 
          <td style="white-space:nowrap">retired
            <a name="list-status-retired"> </a> 
          </td> 
          <td> Retired</td> 
          <td> The list is &quot;old&quot; and should no longer be considered accurate or relevant.</td> 
        </tr> 
        <tr> 
          <td style="white-space:nowrap">entered-in-error
            <a name="list-status-entered-in-error"> </a> 
          </td> 
          <td> Entered In Error</td> 
          <td> The list was never accurate.  It is retained for medico-legal purposes only.</td> 
        </tr> 
      </table> 
    </div> 
  </text> 
  <extension url="http://www.hl7.org/fhir/StructureDefinition/structuredefinition-wg">
    <valueCode value="fhir"/> 
  </extension> 
  <extension url="http://www.hl7.org/fhir/StructureDefinition/structuredefinition-standards-status">
    <valueCode value="trial-use"/> 
  </extension> 
  <extension url="http://www.hl7.org/fhir/StructureDefinition/structuredefinition-fmm">
    <valueInteger value="1"/> 
  </extension> 
  <url value="http://www.hl7.org/fhir/list-status"/> 
  <identifier> 
    <system value="urn:ietf:rfc:3986"/> 
    <value value="urn:oid:2.16.840.1.113883.4.642.1.327"/> 
  </identifier> 
  <version value="4.0.0"/> 
  <name value="ListStatus"/> 
  <title value="ListStatus"/> 
  <status value="draft"/> 
  <experimental value="false"/> 
  <date value="2018-12-27T22:37:54+11:00"/> 
  <publisher value="HL7 (FHIR Project)"/> 
  <contact> 
    <telecom> 
      <system value="url"/> 
      <value value="http://www.hl7.org/fhir"/> 
    </telecom> 
    <telecom> 
      <system value="email"/> 
      <value value="fhir@lists.www.hl7.org"/> 
    </telecom> 
  </contact> 
  <description value="The current state of the list."/> 
  <caseSensitive value="true"/> 
  <valueSet value="http://www.hl7.org/fhir/ValueSet/list-status"/> 
  <content value="complete"/> 
  <concept> 
    <code value="current"/> 
    <display value="Current"/> 
    <definition value="The list is considered to be an active part of the patient's record."/> 
  </concept> 
  <concept> 
    <code value="retired"/> 
    <display value="Retired"/> 
    <definition value="The list is &quot;old&quot; and should no longer be considered accurate or relevant."/> 
  </concept> 
  <concept> 
    <code value="entered-in-error"/> 
    <display value="Entered In Error"/> 
    <definition value="The list was never accurate.  It is retained for medico-legal purposes only."/> 
  </concept> 
</CodeSystem> 