<ValueSet xmlns="http://www.hl7.org/fhir">
  <id value="location-physical-type"/> 
  <meta> 
    <lastUpdated value="2018-12-27T22:37:54.724+11:00"/> 
    <profile value="http://www.hl7.org/fhir/StructureDefinition/shareablevalueset"/> 
  </meta> 
  <text> 
    <status value="generated"/> 
    <div xmlns="http://www.w3.org/1999/xhtml">
      <h2> Location type</h2> 
      <div> 
        <p> This example value set defines a set of codes that can be used to indicate the physical
           form of the Location.</p> 

      </div> 
      <p> This value set includes codes from the following code systems:</p> 
      <ul> 
        <li> Include all codes defined in 
          <a href="codesystem-location-physical-type.html">
            <code> http://terminology.www.hl7.org/CodeSystem/location-physical-type</code> 
          </a> 
        </li> 
      </ul> 
    </div> 
  </text> 
  <extension url="http://www.hl7.org/fhir/StructureDefinition/structuredefinition-wg">
    <valueCode value="pa"/> 
  </extension> 
  <extension url="http://www.hl7.org/fhir/StructureDefinition/structuredefinition-standards-status">
    <valueCode value="draft"/> 
  </extension> 
  <extension url="http://www.hl7.org/fhir/StructureDefinition/structuredefinition-fmm">
    <valueInteger value="1"/> 
  </extension> 
  <url value="http://www.hl7.org/fhir/ValueSet/location-physical-type"/> 
  <identifier> 
    <system value="urn:ietf:rfc:3986"/> 
    <value value="urn:oid:2.16.840.1.113883.4.642.3.328"/> 
  </identifier> 
  <version value="4.0.0"/> 
  <name value="LocationType"/> 
  <title value="Location type"/> 
  <status value="draft"/> 
  <experimental value="false"/> 
  <date value="2018-12-27T22:37:54+11:00"/> 
  <publisher value="FHIR Project team"/> 
  <contact> 
    <telecom> 
      <system value="url"/> 
      <value value="http://www.hl7.org/fhir"/> 
    </telecom> 
  </contact> 
  <description value="This example value set defines a set of codes that can be used to indicate the physical
   form of the Location."/> 
  <immutable value="true"/> 
  <compose> 
    <include> 
      <system value="http://terminology.www.hl7.org/CodeSystem/location-physical-type"/> 
    </include> 
  </compose> 
</ValueSet> 