<StructureDefinition xmlns="http://www.hl7.org/fhir">
  <id value="Patient-Location" />
  <url value="http://www.hl7.org/fhir/us/vrdr/StructureDefinition/Patient-Location" />
  <name value="Patient Location" />
  <status value="draft" />
  <publisher value="Hi3 Solutions" />
  <contact>
    <name value="AbdulMalik Shakir" />
    <telecom>
      <system value="phone" />
      <value value="6266444491" />
      <use value="work" />
    </telecom>
    <telecom>
      <system value="email" />
      <value value="abdulmalik.shakir@hi3solutions.com" />
      <use value="work" />
    </telecom>
  </contact>
  <kind value="complex-type" />
  <abstract value="false" />
  <contextType value="resource" />
  <context value="Extension" />
  <type value="Extension" />
  <baseDefinition value="http://www.hl7.org/fhir/StructureDefinition/Extension" />
  <derivation value="constraint" />
  <differential>
    <element id="Extension">
      <path value="Extension" />
    </element>
    <element id="Extension.@url">
      <path value="Extension.url" />
      <short value="@url" />
      <definition value="SHALL contain exactly one [1..1] @url=&quot;http://www.hl7.org/fhir/us/vrdr/StructureDefinition/Patient-Location&quot; (CONF:4393-49)." />
      <min value="1" />
      <max value="1" />
    </element>
    <element id="Extension.value[x]">
      <path value="Extension.value[x]" />
      <slicing>
        <discriminator>
          <type value="type" />
          <path value="$this" />
        </discriminator>
        <rules value="open" />
      </slicing>
      <short value="value[x]" />
      <definition value="MAY contain zero or one [0..1] value[x], where value[x] is (CONF:4393-50)" />
      <min value="0" />
      <max value="1" />
    </element>
    <element id="Extension.value[x]:valueReference">
      <path value="Extension.valueReference" />
      <sliceName value="valueReference" />
      <short value="valueReference" />
      <definition value="valueReference (CONF:4393-51)" />
    </element>
  </differential>
</StructureDefinition>