<Practitioner xmlns="http://www.hl7.org/fhir">
  <id value="example-death-pronouncement-performer" />
  <meta>
    <profile value="http://www.hl7.org/fhir/us/vrdr/StructureDefinition/VRDR-Death-Pronouncement-Performer" />
  </meta>
  <name>
    <use value="official" />
    <family value="McCoy" />
    <given value="Beverly" />
    <given value="Jane" />
  </name>
  <qualification>
    <identifier>
      <value value="123456789" />
    </identifier>
    <code>
      <coding>
        <system value="http://www.hl7.org/fhir/v2/0360/2.7" />
        <code value="MD" />
        <display value="Doctor of Medicine" />
      </coding>
    </code>
  </qualification>
</Practitioner>