<ValueSet xmlns="http://www.hl7.org/fhir">
  <id value="v2-2.7-0360"/> 
  <meta> 
    <profile value="http://www.hl7.org/fhir/StructureDefinition/shareablevalueset"/> 
  </meta> 
  <text> 
    <status value="additional"/> 
    <div xmlns="http://www.w3.org/1999/xhtml">
      <p> Degree/License/Certificate</p> 

      <table class="grid">
        <tr> 
          <td> 
            <b> Code</b> 
          </td> 
          <td> 
            <b> Description</b> 
          </td> 
          <td> 
            <b> Version</b> 
          </td> 
        </tr> 
        <tr> 
          <td> AA
            <a name="AA"> </a> 
          </td> 
          <td> Associate of Arts</td> 
          <td> from v2.7</td> 
        </tr> 
        <tr> 
          <td> AAS
            <a name="AAS"> </a> 
          </td> 
          <td> Associate of Applied Science</td> 
          <td> from v2.7</td> 
        </tr> 
        <tr> 
          <td> ABA
            <a name="ABA"> </a> 
          </td> 
          <td> Associate of Business Administration</td> 
          <td> from v2.7</td> 
        </tr> 
        <tr> 
          <td> AE
            <a name="AE"> </a> 
          </td> 
          <td> Associate of Engineering</td> 
          <td> from v2.7</td> 
        </tr> 
        <tr> 
          <td> AS
            <a name="AS"> </a> 
          </td> 
          <td> Associate of Science</td> 
          <td> from v2.7</td> 
        </tr> 
        <tr> 
          <td> BA
            <a name="BA"> </a> 
          </td> 
          <td> Bachelor of Arts</td> 
          <td> from v2.7</td> 
        </tr> 
        <tr> 
          <td> BBA
            <a name="BBA"> </a> 
          </td> 
          <td> Bachelor of Business Administration</td> 
          <td> from v2.7</td> 
        </tr> 
        <tr> 
          <td> BE
            <a name="BE"> </a> 
          </td> 
          <td> Bachelor or Engineering</td> 
          <td> from v2.7</td> 
        </tr> 
        <tr> 
          <td> BFA
            <a name="BFA"> </a> 
          </td> 
          <td> Bachelor of Fine Arts</td> 
          <td> from v2.7</td> 
        </tr> 
        <tr> 
          <td> BN
            <a name="BN"> </a> 
          </td> 
          <td> Bachelor of Nursing</td> 
          <td> from v2.7</td> 
        </tr> 
        <tr> 
          <td> BS
            <a name="BS"> </a> 
          </td> 
          <td> Bachelor of Science</td> 
          <td> from v2.7</td> 
        </tr> 
        <tr> 
          <td> BSL
            <a name="BSL"> </a> 
          </td> 
          <td> Bachelor of Science - Law</td> 
          <td> from v2.7</td> 
        </tr> 
        <tr> 
          <td> BSN
            <a name="BSN"> </a> 
          </td> 
          <td> Bachelor on Science - Nursing</td> 
          <td> from v2.7</td> 
        </tr> 
        <tr> 
          <td> BT
            <a name="BT"> </a> 
          </td> 
          <td> Bachelor of Theology</td> 
          <td> from v2.7</td> 
        </tr> 
        <tr> 
          <td> CANP
            <a name="CANP"> </a> 
          </td> 
          <td> Certified Adult Nurse Practitioner</td> 
          <td> from v2.7</td> 
        </tr> 
        <tr> 
          <td> CER
            <a name="CER"> </a> 
          </td> 
          <td> Certificate</td> 
          <td> from v2.7</td> 
        </tr> 
        <tr> 
          <td> CMA
            <a name="CMA"> </a> 
          </td> 
          <td> Certified Medical Assistant</td> 
          <td> from v2.7</td> 
        </tr> 
        <tr> 
          <td> CNM
            <a name="CNM"> </a> 
          </td> 
          <td> Certified Nurse Midwife</td> 
          <td> from v2.7</td> 
        </tr> 
        <tr> 
          <td> CNP
            <a name="CNP"> </a> 
          </td> 
          <td> Certified Nurse Practitioner</td> 
          <td> from v2.7</td> 
        </tr> 
        <tr> 
          <td> CNS
            <a name="CNS"> </a> 
          </td> 
          <td> Certified Nurse Specialist</td> 
          <td> from v2.7</td> 
        </tr> 
        <tr> 
          <td> CPNP
            <a name="CPNP"> </a> 
          </td> 
          <td> Certified Pediatric Nurse Practitioner</td> 
          <td> from v2.7</td> 
        </tr> 
        <tr> 
          <td> CRN
            <a name="CRN"> </a> 
          </td> 
          <td> Certified Registered Nurse</td> 
          <td> from v2.7</td> 
        </tr> 
        <tr> 
          <td> CTR
            <a name="CTR"> </a> 
          </td> 
          <td> Certified Tumor Registrar</td> 
          <td> added v2.8</td> 
        </tr> 
        <tr> 
          <td> DBA
            <a name="DBA"> </a> 
          </td> 
          <td> Doctor of Business Administration</td> 
          <td> from v2.7</td> 
        </tr> 
        <tr> 
          <td> DED
            <a name="DED"> </a> 
          </td> 
          <td> Doctor of Education</td> 
          <td> from v2.7</td> 
        </tr> 
        <tr> 
          <td> DIP
            <a name="DIP"> </a> 
          </td> 
          <td> Diploma</td> 
          <td> from v2.7</td> 
        </tr> 
        <tr> 
          <td> DO
            <a name="DO"> </a> 
          </td> 
          <td> Doctor of Osteopathy</td> 
          <td> from v2.7</td> 
        </tr> 
        <tr> 
          <td> EMT
            <a name="EMT"> </a> 
          </td> 
          <td> Emergency Medical Technician</td> 
          <td> from v2.7</td> 
        </tr> 
        <tr> 
          <td> EMTP
            <a name="EMTP"> </a> 
          </td> 
          <td> Emergency Medical Technician - Paramedic</td> 
          <td> from v2.7</td> 
        </tr> 
        <tr> 
          <td> FPNP
            <a name="FPNP"> </a> 
          </td> 
          <td> Family Practice Nurse Practitioner</td> 
          <td> from v2.7</td> 
        </tr> 
        <tr> 
          <td> HS
            <a name="HS"> </a> 
          </td> 
          <td> High School Graduate</td> 
          <td> from v2.7</td> 
        </tr> 
        <tr> 
          <td> JD
            <a name="JD"> </a> 
          </td> 
          <td> Juris Doctor</td> 
          <td> from v2.7</td> 
        </tr> 
        <tr> 
          <td> MA
            <a name="MA"> </a> 
          </td> 
          <td> Master of Arts</td> 
          <td> from v2.7</td> 
        </tr> 
        <tr> 
          <td> MBA
            <a name="MBA"> </a> 
          </td> 
          <td> Master of Business Administration</td> 
          <td> from v2.7</td> 
        </tr> 
        <tr> 
          <td> MCE
            <a name="MCE"> </a> 
          </td> 
          <td> Master of Civil Engineering</td> 
          <td> from v2.7</td> 
        </tr> 
        <tr> 
          <td> MD
            <a name="MD"> </a> 
          </td> 
          <td> Doctor of Medicine</td> 
          <td> from v2.7</td> 
        </tr> 
        <tr> 
          <td> MDA
            <a name="MDA"> </a> 
          </td> 
          <td> Medical Assistant</td> 
          <td> from v2.7</td> 
        </tr> 
        <tr> 
          <td> MDI
            <a name="MDI"> </a> 
          </td> 
          <td> Master of Divinity</td> 
          <td> from v2.7</td> 
        </tr> 
        <tr> 
          <td> ME
            <a name="ME"> </a> 
          </td> 
          <td> Master of Engineering</td> 
          <td> from v2.7</td> 
        </tr> 
        <tr> 
          <td> MED
            <a name="MED"> </a> 
          </td> 
          <td> Master of Education</td> 
          <td> from v2.7</td> 
        </tr> 
        <tr> 
          <td> MEE
            <a name="MEE"> </a> 
          </td> 
          <td> Master of Electrical Engineering</td> 
          <td> from v2.7</td> 
        </tr> 
        <tr> 
          <td> MFA
            <a name="MFA"> </a> 
          </td> 
          <td> Master of Fine Arts</td> 
          <td> from v2.7</td> 
        </tr> 
        <tr> 
          <td> MME
            <a name="MME"> </a> 
          </td> 
          <td> Master of Mechanical Engineering</td> 
          <td> from v2.7</td> 
        </tr> 
        <tr> 
          <td> MS
            <a name="MS"> </a> 
          </td> 
          <td> Master of Science</td> 
          <td> from v2.7</td> 
        </tr> 
        <tr> 
          <td> MSL
            <a name="MSL"> </a> 
          </td> 
          <td> Master of Science - Law</td> 
          <td> from v2.7</td> 
        </tr> 
        <tr> 
          <td> MSN
            <a name="MSN"> </a> 
          </td> 
          <td> Master of Science - Nursing</td> 
          <td> from v2.7</td> 
        </tr> 
        <tr> 
          <td> MT
            <a name="MT"> </a> 
          </td> 
          <td> Medical Technician</td> 
          <td> from v2.7</td> 
        </tr> 
        <tr> 
          <td> MTH
            <a name="MTH"> </a> 
          </td> 
          <td> Master of Theology</td> 
          <td> from v2.7</td> 
        </tr> 
        <tr> 
          <td> NG
            <a name="NG"> </a> 
          </td> 
          <td> Non-Graduate</td> 
          <td> from v2.7</td> 
        </tr> 
        <tr> 
          <td> NP
            <a name="NP"> </a> 
          </td> 
          <td> Nurse Practitioner</td> 
          <td> from v2.7</td> 
        </tr> 
        <tr> 
          <td> PA
            <a name="PA"> </a> 
          </td> 
          <td> Physician Assistant</td> 
          <td> from v2.7</td> 
        </tr> 
        <tr> 
          <td> PHD
            <a name="PHD"> </a> 
          </td> 
          <td> Doctor of Philosophy</td> 
          <td> from v2.7</td> 
        </tr> 
        <tr> 
          <td> PHE
            <a name="PHE"> </a> 
          </td> 
          <td> Doctor of Engineering</td> 
          <td> from v2.7</td> 
        </tr> 
        <tr> 
          <td> PHS
            <a name="PHS"> </a> 
          </td> 
          <td> Doctor of Science</td> 
          <td> from v2.7</td> 
        </tr> 
        <tr> 
          <td> PN
            <a name="PN"> </a> 
          </td> 
          <td> Advanced Practice Nurse</td> 
          <td> from v2.7</td> 
        </tr> 
        <tr> 
          <td> PharmD
            <a name="PharmD"> </a> 
          </td> 
          <td> Doctor of Pharmacy</td> 
          <td> from v2.7</td> 
        </tr> 
        <tr> 
          <td> RMA
            <a name="RMA"> </a> 
          </td> 
          <td> Registered Medical Assistant</td> 
          <td> from v2.7</td> 
        </tr> 
        <tr> 
          <td> RN
            <a name="RN"> </a> 
          </td> 
          <td> Registered Nurse</td> 
          <td> from v2.7</td> 
        </tr> 
        <tr> 
          <td> RPH
            <a name="RPH"> </a> 
          </td> 
          <td> Registered Pharmacist</td> 
          <td> from v2.7</td> 
        </tr> 
        <tr> 
          <td> SEC
            <a name="SEC"> </a> 
          </td> 
          <td> Secretarial Certificate</td> 
          <td> from v2.7</td> 
        </tr> 
        <tr> 
          <td> TS
            <a name="TS"> </a> 
          </td> 
          <td> Trade School Graduate</td> 
          <td> from v2.7</td> 
        </tr> 
      </table> 

    </div> 
  </text> 
  <extension url="http://www.hl7.org/fhir/StructureDefinition/structuredefinition-ballot-status">
    <valueString value="External"/> 
  </extension> 
  <extension url="http://www.hl7.org/fhir/StructureDefinition/structuredefinition-fmm">
    <valueInteger value="1"/> 
  </extension> 
  <extension url="http://www.hl7.org/fhir/StructureDefinition/structuredefinition-wg">
    <valueCode value="pa"/> 
  </extension> 
  <url value="http://www.hl7.org/fhir/ValueSet/v2-2.7-0360"/> 
  <version value="0360"/> 
  <name value="v2 table 0360, Version 2.7"/> 
  <status value="active"/> 
  <experimental value="false"/> 
  <publisher value="HL7, Inc"/> 
  <contact> 
    <telecom> 
      <system value="url"/> 
      <value value="http://www.hl7.org"/> 
    </telecom> 
  </contact> 
  <description value="FHIR Value set/code system definition for HL7 v2 table 0360 ver 2.8.2 ( Degree/License/Certificate)"/> 
  <immutable value="true"/> 
  <compose> 
    <include> 
      <system value="http://www.hl7.org/fhir/v2/0360/2.7"/> 
    </include> 
  </compose> 
</ValueSet> 