<ImplementationGuide xmlns="http://www.hl7.org/fhir"><url value="https://simplifier.net/guide/vitalrecordsdeathreporting" /><name value="Vital Records Death Reporting" /><status value="draft" /><description value="The purpose of the VRDR FHIR IG is to provide guidance regarding the use of FHIR resources as a conduit for data required in the bidirectional exchange of mortality data between State-run Public Health Agencies (PHA) Vital Records offices and U.S. National Center for Health Statistics (NCHS)." /><fhirVersion value="stu3" /><page><title value="Vital Records Death Reporting" /><page><source value="Home-duplicate-3.md" /><title value="Introduction" /><kind value="page" /><format value="text/markdown" /></page><page><source value="Background-duplicate-2.md" /><title value="Background" /><kind value="page" /><format value="text/markdown" /></page><page><source value="Profiles-duplicate-2.md" /><title value="Profiles" /><kind value="page" /><format value="text/markdown" /><page><source value="AutopsyPerformedIndicator.md" /><title value=" Autopsy Performed Indicator" /><kind value="page" /><format value="text/markdown" /></page><page><source value="BirthRecordIdentifier.md" /><title value=" Birth Record Identifier" /><kind value="page" /><format value="text/markdown" /></page><page><source value="CauseOfDeathCondition.md" /><title value=" Cause Of Death Condition" /><kind value="page" /><format value="text/markdown" /></page><page><source value="CauseofDeathPathway.md" /><title value=" Cause of Death Pathway" /><kind value="page" /><format value="text/markdown" /></page><page><source value="Certifier.md" /><title value=" Certifier" /><kind value="page" /><format value="text/markdown" /></page><page><source value="ConditionContributingtoDeath.md" /><title value="Condition Contributing to Death" /><kind value="page" /><format value="text/markdown" /></page><page><source value="DeathCertificate.md" /><title value=" Death Certificate" /><kind value="page" /><format value="text/markdown" /></page><page><source value="DeathCertificateDocument.md" /><title value=" Death Certificate Document" /><kind value="page" /><format value="text/markdown" /></page><page><source value="DeathCertificateReference.md" /><title value=" Death Certificate Reference" /><kind value="page" /><format value="text/markdown" /></page><page><source value="DeathCertification.md" /><title value=" Death Certification" /><kind value="page" /><format value="text/markdown" /></page><page><source value="DeathDate.md" /><title value=" Death Date" /><kind value="page" /><format value="text/markdown" /></page><page><source value="DeathLocation.md" /><title value=" Death Location" /><kind value="page" /><format value="text/markdown" /></page><page><source value="DeathPronouncementPerformer.md" /><title value=" Death Pronouncement Performer" /><kind value="page" /><format value="text/markdown" /></page><page><source value="Decedent.md" /><title value=" Decedent" /><kind value="page" /><format value="text/markdown" /></page><page><source value="DecedentAge.md" /><title value=" Decedent Age" /><kind value="page" /><format value="text/markdown" /></page><page><source value="DecedentDispositionMethod.md" /><title value=" Decedent Disposition Method" /><kind value="page" /><format value="text/markdown" /></page><page><source value="DecedentEducationLevel.md" /><title value=" Decedent Education Level" /><kind value="page" /><format value="text/markdown" /></page><page><source value="DecedentEmploymentHistory.md" /><title value=" Decedent Employment History" /><kind value="page" /><format value="text/markdown" /></page><page><source value="DecedentFather.md" /><title value=" Decedent Father" /><kind value="page" /><format value="text/markdown" /></page><page><source value="DecedentMother.md" /><title value=" Decedent Mother" /><kind value="page" /><format value="text/markdown" /></page><page><source value="DecedentPregnancy.md" /><title value=" Decedent Pregnancy" /><kind value="page" /><format value="text/markdown" /></page><page><source value="DecedentSpouse.md" /><title value=" Decedent Spouse" /><kind value="page" /><format value="text/markdown" /></page><page><source value="DecedentTransportationRole.md" /><title value=" Decedent Transportation Role" /><kind value="page" /><format value="text/markdown" /></page><page><source value="DispositionLocation.md" /><title value=" Disposition Location" /><kind value="page" /><format value="text/markdown" /></page><page><source value="ExaminerContacted.md" /><title value=" Examiner Contacted" /><kind value="page" /><format value="text/markdown" /></page><page><source value="FuneralHome.md" /><title value=" Funeral Home" /><kind value="page" /><format value="text/markdown" /></page><page><source value="FuneralHomeDirector.md" /><title value=" Funeral Home Director" /><kind value="page" /><format value="text/markdown" /></page><page><source value="InjuryIncident.md" /><title value=" Injury Incident" /><kind value="page" /><format value="text/markdown" /></page><page><source value="InjuryLocation.md" /><title value=" Injury Location" /><kind value="page" /><format value="text/markdown" /></page><page><source value="InterestedParty.md" /><title value=" Interested Party" /><kind value="page" /><format value="text/markdown" /></page><page><source value="MannerofDeath.md" /><title value=" Manner of Death" /><kind value="page" /><format value="text/markdown" /></page><page><source value="Mortician.md" /><title value=" Mortician" /><kind value="page" /><format value="text/markdown" /></page><page><source value="TobaccoUseContributedToDeath.md" /><title value=" Tobacco Use Contributed To Death" /><kind value="page" /><format value="text/markdown" /></page></page><page><source value="Terminologies.md" /><title value="Terminologies" /><kind value="page" /><format value="text/markdown" /><page><source value="BundleTypeVS.md" /><title value="Bundle Type VS" /><kind value="page" /><format value="text/markdown" /></page></page><page><source value="Examples-duplicate-2.md" /><title value="Examples" /><kind value="page" /><format value="text/markdown" /></page><page><source value="Downloads-duplicate-2.md" /><title value="Downloads" /><kind value="page" /><format value="text/markdown" /></page></page></ImplementationGuide>