<StructureDefinition
    xmlns="http://www.hl7.org/fhir">
    <id value="VRDR-Mortician" />
    <url value="http://www.hl7.org/fhir/us/vrdr/StructureDefinition/VRDR-Mortician" />
    <name value="VRDR Mortician" />
    <status value="draft" />
    <publisher value="Hi3 Solutions" />
    <contact>
        <name value="AbdulMalik Shakir" />
        <telecom>
            <system value="email" />
            <value value="abdulmalik.shakir@hi3solutions.com" />
            <use value="work" />
        </telecom>
    </contact>
    <kind value="resource" />
    <abstract value="false" />
    <contextType value="resource" />
    <context value="Practitioner" />
    <type value="Practitioner" />
    <baseDefinition value="http://www.hl7.org/fhir/StructureDefinition/Practitioner" />
    <derivation value="constraint" />
    <differential>
        <element id="Practitioner">
            <path value="Practitioner" />
        </element>
        <element id="Practitioner.id">
            <path value="Practitioner.id" />
            <short value="id" />
            <definition value="SHOULD contain zero or one [0..1] id (CONF:4393-127)." />
            <min value="0" />
            <max value="1" />
        </element>
        <element id="Practitioner.meta">
            <path value="Practitioner.meta" />
            <short value="meta" />
            <definition value="SHOULD contain zero or one [0..1] meta (CONF:4393-125)." />
            <min value="0" />
            <max value="1" />
        </element>
        <element id="Practitioner.meta.profile">
            <path value="Practitioner.meta.profile" />
            <short value="profile" />
            <definition value="The meta, if present, SHALL contain exactly one [1..1] profile=&quot;http://www.hl7.org/fhir/us/vrdr/StructureDefinition/VRDR-Mortician&quot; (CONF:4393-128)." />
            <min value="1" />
            <max value="1" />
            <patternString value="http://www.hl7.org/fhir/us/vrdr/StructureDefinition/VRDR-Mortician" />
        </element>
        <element id="Practitioner.name">
            <path value="Practitioner.name" />
            <short value="name" />
            <definition value="SHALL contain exactly one [1..1] name (CONF:4393-129)." />
            <min value="1" />
            <max value="1" />
        </element>
        <element id="Practitioner.qualification">
            <path value="Practitioner.qualification" />
            <short value="qualification" />
            <definition value="MAY contain zero or more [0..*] qualification (CONF:4393-126)." />
            <min value="0" />
            <max value="*" />
        </element>
        <element id="Practitioner.qualification.identifier">
            <path value="Practitioner.qualification.identifier" />
            <short value="identifier" />
            <definition value="The qualification, if present, SHALL contain exactly one [1..1] identifier (CONF:4393-130)." />
            <min value="1" />
            <max value="1" />
        </element>
        <element id="Practitioner.qualification.code">
            <path value="Practitioner.qualification.code" />
            <short value="code" />
            <definition value="The qualification, if present, SHALL contain exactly one [1..1] code, which SHALL be selected from ValueSet v2 table 0360, Version 2.7 http://www.hl7.org/fhir/ValueSet/v2-2.7-0360 (CONF:4393-131)." />
            <min value="1" />
            <max value="1" />
            <type>
                <code value="CodeableConcept" />
            </type>
            <binding>
                <strength value="required" />
                <valueSetReference>
                    <reference value="http://www.hl7.org/fhir/ValueSet/v2-2.7-0360" />
                    <display value="v2 table 0360, Version 2.7" />
                </valueSetReference>
            </binding>
        </element>
    </differential>
</StructureDefinition>
