<StructureDefinition    xmlns="http://www.hl7.org/fhir">    <id value="VRDR-Injury-Location" />    <url value="http://www.hl7.org/fhir/us/vrdr/StructureDefinition/VRDR-Injury-Location" />    <name value="VRDR Injury Location" />    <status value="draft" />    <publisher value="Hi3 Solutions" />    <contact>        <name value="AbdulMalik Shakir" />        <telecom>            <system value="phone" />            <value value="6266444491" />            <use value="work" />        </telecom>        <telecom>            <system value="email" />            <value value="abdulmalik.shakir@hi3solutions.com" />            <use value="work" />        </telecom>    </contact>    <kind value="resource" />    <abstract value="false" />    <contextType value="resource" />    <context value="Location" />    <type value="Location" />    <baseDefinition value="http://www.hl7.org/fhir/StructureDefinition/Location" />    <derivation value="constraint" />    <differential>        <element id="Location">            <path value="Location" />        </element>        <element id="Location.id">            <path value="Location.id" />            <short value="id" />            <definition value="MAY contain zero or one [0..1] id (CONF:4393-276)." />            <min value="0" />            <max value="1" />        </element>        <element id="Location.meta">            <path value="Location.meta" />            <short value="meta" />            <definition value="MAY contain zero or one [0..1] meta (CONF:4393-275)." />            <min value="0" />            <max value="1" />        </element>        <element id="Location.meta.profile">            <path value="Location.meta.profile" />            <short value="profile" />            <definition value="The meta, if present, SHALL contain exactly one [1..1] profile=&quot;http://www.hl7.org/fhir/us/vrdr/StructureDefinition/VRDR-Injury-Location&quot; (CONF:4393-277)." />            <min value="1" />            <max value="1" />            <patternString value="http://www.hl7.org/fhir/us/vrdr/StructureDefinition/VRDR-Injury-Location" />        </element>        <element id="Location.name">            <path value="Location.name" />            <short value="name" />            <definition value="SHALL contain exactly one [1..1] name (CONF:4393-280)." />            <min value="1" />            <max value="1" />        </element>        <element id="Location.description">            <path value="Location.description" />            <short value="description" />            <definition value="SHALL contain exactly one [1..1] description (CONF:4393-279)." />            <min value="1" />            <max value="1" />        </element>        <element id="Location.type">            <path value="Location.type" />            <short value="type" />            <definition value="SHALL contain exactly one [1..1] type, which SHALL be selected from ValueSet v3-ServiceDeliveryLocationRoleType http://www.hl7.org/fhir/ValueSet/v3-ServiceDeliveryLocationRoleType (CONF:4393-282)." />            <min value="1" />            <max value="1" />            <type>                <code value="CodeableConcept" />            </type>            <binding>                <strength value="required" />                <valueSetReference>                    <reference value="http://www.hl7.org/fhir/ValueSet/v3-ServiceDeliveryLocationRoleType" />                    <display value="v3-ServiceDeliveryLocationRoleType" />                </valueSetReference>            </binding>        </element>        <element id="Location.address">            <path value="Location.address" />            <short value="address" />            <definition value="SHALL contain exactly one [1..1] address (CONF:4393-278)." />            <min value="1" />            <max value="1" />        </element>        <element id="Location.physicalType">            <path value="Location.physicalType" />            <short value="physicalType" />            <definition value="SHALL contain exactly one [1..1] physicalType, which SHALL be selected from ValueSet Location-physical-type http://www.hl7.org/fhir/ValueSet/Location-physical-type DYNAMIC (CONF:4393-281)." />            <min value="1" />            <max value="1" />            <type>                <code value="CodeableConcept" />            </type>            <binding>                <strength value="required" />                <valueSetReference>                    <reference value="http://www.hl7.org/fhir/ValueSet/Location-physical-type" />                    <display value="Location-physical-type" />                </valueSetReference>            </binding>        </element>    </differential></StructureDefinition>