<StructureDefinition
    xmlns="http://www.hl7.org/fhir">
    <id value="VRDR-Examiner-Contacted" />
    <url value="http://www.hl7.org/fhir/us/vrdr/StructureDefinition/VRDR-Examiner-Contacted" />
    <name value="VRDR Examiner Contacted" />
    <status value="draft" />
    <publisher value="Hi3 Solutions" />
    <contact>
        <name value="AbdulMalik Shakir" />
        <telecom>
            <system value="email" />
            <value value="abdulmalik.shakir@hi3solutions.com" />
            <use value="work" />
        </telecom>
    </contact>
    <kind value="resource" />
    <abstract value="false" />
    <contextType value="resource" />
    <context value="Observation" />
    <type value="Observation" />
    <baseDefinition value="http://www.hl7.org/fhir/StructureDefinition/Observation" />
    <derivation value="constraint" />
    <differential>
        <element id="Observation">
            <path value="Observation" />
        </element>
        <element id="Observation.id">
            <path value="Observation.id" />
            <short value="id" />
            <definition value="SHOULD contain zero or one [0..1] id (CONF:4393-112)." />
            <min value="0" />
            <max value="1" />
        </element>
        <element id="Observation.meta">
            <path value="Observation.meta" />
            <short value="meta" />
            <definition value="MAY contain zero or one [0..1] meta (CONF:4393-110)." />
            <min value="0" />
            <max value="1" />
        </element>
        <element id="Observation.meta.profile">
            <path value="Observation.meta.profile" />
            <short value="profile" />
            <definition value="The meta, if present, SHALL contain exactly one [1..1] profile=&quot;http://www.hl7.org/fhir/us/vrdr/StructureDefinition/VRDR-Examiner-Contacted&quot; (CONF:4393-113)." />
            <min value="1" />
            <max value="1" />
            <patternString value="http://www.hl7.org/fhir/us/vrdr/StructureDefinition/VRDR-Examiner-Contacted" />
        </element>
        <element id="Observation.status">
            <path value="Observation.status" />
            <short value="status" />
            <definition value="SHALL contain exactly one [1..1] status=&quot;final&quot; FINAL (CONF:4393-114)." />
            <min value="1" />
            <max value="1" />
            <type>
                <code value="code" />
            </type>
            <patternString value="final" />
        </element>
        <element id="Observation.code">
            <path value="Observation.code" />
            <short value="code" />
            <definition value="SHALL contain exactly one [1..1] code=&quot;74497-9&quot; Medical examiner or coroner was contacted  (CodeSystem: LOINC urn:oid:2.16.840.1.113883.6.1) (CONF:4393-115)." />
            <min value="1" />
            <max value="1" />
            <type>
                <code value="CodeableConcept" />
            </type>
            <fixedCodeableConcept>
                <coding>
                    <system value="urn:oid:2.16.840.1.113883.6.1" />
                    <code value="74497-9" />
                    <display value="Medical examiner or coroner was contacted " />
                </coding>
            </fixedCodeableConcept>
        </element>
        <element id="Observation.subject">
            <path value="Observation.subject" />
            <short value="subject" />
            <definition value="SHALL contain exactly one [1..1] subject=&quot;http://www.hl7.org/fhir/us/vrdr/StructureDefinition/VRDR-Decedent&quot; (CONF:4393-116)." />
            <min value="1" />
            <max value="1" />
            <type>
                <code value="Reference" />
                <targetProfile value="http://www.hl7.org/fhir/us/vrdr/StructureDefinition/VRDR-Decedent" />
            </type>
            <patternString value="http://www.hl7.org/fhir/us/vrdr/StructureDefinition/VRDR-Decedent" />
        </element>
        <element id="Observation.value[x]">
            <path value="Observation.value[x]" />
            <slicing>
                <discriminator>
                    <type value="type" />
                    <path value="$this" />
                </discriminator>
                <rules value="open" />
            </slicing>
            <short value="value[x]" />
            <definition value="SHALL contain exactly one [1..1] value[x], where value[x] is (CONF:4393-111)" />
            <min value="1" />
            <max value="1" />
        </element>
        <element id="Observation.value[x]:valueBoolean">
            <path value="Observation.valueBoolean" />
            <sliceName value="valueBoolean" />
            <short value="valueBoolean" />
            <definition value="valueBoolean (CONF:4393-117)" />
        </element>
    </differential>
</StructureDefinition>
