<StructureDefinition    xmlns="http://www.hl7.org/fhir">    <id value="VRDR-Decedent-Spouse" />    <url value="http://www.hl7.org/fhir/us/vrdr/StructureDefinition/VRDR-Decedent-Spouse" />    <name value="VRDR Decedent Spouse" />    <status value="draft" />    <publisher value="Hi3 Solutions" />    <contact>        <name value="AbdulMalik Shakir" />        <telecom>            <system value="phone" />            <value value="6266444491" />            <use value="work" />        </telecom>        <telecom>            <system value="email" />            <value value="abdulmalik.shakir@hi3solutions.com" />            <use value="work" />        </telecom>    </contact>    <kind value="resource" />    <abstract value="false" />    <contextType value="resource" />    <context value="RelatedPerson" />    <type value="RelatedPerson" />    <baseDefinition value="http://www.hl7.org/fhir/StructureDefinition/RelatedPerson" />    <derivation value="constraint" />    <differential>        <element id="RelatedPerson">            <path value="RelatedPerson" />        </element>        <element id="RelatedPerson.id">            <path value="RelatedPerson.id" />            <short value="id" />            <definition value="MAY contain zero or one [0..1] id (CONF:4393-271)." />            <min value="0" />            <max value="1" />        </element>        <element id="RelatedPerson.meta">            <path value="RelatedPerson.meta" />            <short value="meta" />            <definition value="MAY contain zero or one [0..1] meta (CONF:4393-270)." />            <min value="0" />            <max value="1" />        </element>        <element id="RelatedPerson.meta.profile">            <path value="RelatedPerson.meta.profile" />            <short value="profile" />            <definition value="The meta, if present, SHALL contain exactly one [1..1] profile=&quot;http://www.hl7.org/fhir/us/vrdr/StructureDefinition/VRDR-Decedent-Spouse&quot; (CONF:4393-272)." />            <min value="1" />            <max value="1" />            <patternString value="http://www.hl7.org/fhir/us/vrdr/StructureDefinition/VRDR-Decedent-Spouse" />        </element>        <element id="RelatedPerson.patient">            <path value="RelatedPerson.patient" />            <short value="patient" />            <definition value="SHALL contain exactly one [1..1] patient=&quot;VRDR Decedent&quot; (CONF:4393-273)." />            <min value="1" />            <max value="1" />            <type>                <code value="Reference" />                <targetProfile value="http://www.hl7.org/fhir/StructureDefinition/Patient" />            </type>            <patternString value="VRDR Decedent" />        </element>        <element id="RelatedPerson.relationship">            <path value="RelatedPerson.relationship" />            <short value="relationship" />            <definition value="SHALL contain exactly one [1..1] relationship=&quot; &quot;SPS&quot;&quot; (CONF:4393-274)." />            <min value="1" />            <max value="1" />            <type>                <code value="CodeableConcept" />            </type>            <fixedCodeableConcept>                <coding>                    <code value=" &quot;SPS&quot;" />                </coding>            </fixedCodeableConcept>        </element>    </differential></StructureDefinition>