<StructureDefinition xmlns="http://www.hl7.org/fhir">
  <id value="VRDR-Cause-Of-Death-Condition" />
  <url value="http://www.hl7.org/fhir/us/vrdr/StructureDefinition/VRDR-Cause-Of-Death-Condition" />
  <name value="VRDR Cause Of Death Condition" />
  <status value="draft" />
  <contact>
    <name value="Salimah Shakir" />
    <telecom>
      <system value="phone" />
      <value value="8184306686" />
      <use value="work" />
    </telecom>
    <telecom>
      <system value="email" />
      <value value="salimah@shakirconsulting.com" />
      <use value="work" />
    </telecom>
  </contact>
  <kind value="resource" />
  <abstract value="false" />
  <contextType value="resource" />
  <context value="Condition" />
  <type value="Condition" />
  <baseDefinition value="http://www.hl7.org/fhir/StructureDefinition/Condition" />
  <derivation value="constraint" />
  <differential>
    <element id="Condition">
      <path value="Condition" />
    </element>
    <element id="Condition.id">
      <path value="Condition.id" />
      <short value="id" />
      <definition value="MAY contain zero or one [0..1] id (CONF:4393-251)." />
      <min value="0" />
      <max value="1" />
    </element>
    <element id="Condition.meta">
      <path value="Condition.meta" />
      <short value="meta" />
      <definition value="MAY contain zero or one [0..1] meta (CONF:4393-250)." />
      <min value="0" />
      <max value="1" />
    </element>
    <element id="Condition.meta.profile">
      <path value="Condition.meta.profile" />
      <short value="profile" />
      <definition value="The meta, if present, SHALL contain exactly one [1..1] profile=&quot;http://www.hl7.org/fhir/us/vrdr/StructureDefinition/-VRDR-Cause-Of-Death-Condition&quot; (CONF:4393-252)." />
      <min value="1" />
      <max value="1" />
      <patternString value="http://www.hl7.org/fhir/us/vrdr/StructureDefinition/-VRDR-Cause-Of-Death-Condition" />
    </element>
    <element id="Condition.code">
      <path value="Condition.code" />
      <short value="code" />
      <definition value="SHALL contain exactly one [1..1] code, which SHALL be selected from ValueSet Condition-code http://www.hl7.org/fhir/ValueSet/Condition-code DYNAMIC (CONF:4393-253)." />
      <min value="1" />
      <max value="1" />
      <type>
        <code value="CodeableConcept" />
      </type>
      <binding>
        <strength value="required" />
        <valueSetReference>
          <reference value="http://www.hl7.org/fhir/ValueSet/Condition-code" />
          <display value="Condition-code" />
        </valueSetReference>
      </binding>
    </element>
    <element id="Condition.subject">
      <path value="Condition.subject" />
      <short value="subject" />
      <definition value="SHALL contain exactly one [1..1] subject=&quot; VRDR Decedent&quot; (CONF:4393-256)." />
      <min value="1" />
      <max value="1" />
      <type>
        <code value="Reference" />
        <targetProfile value="http://www.hl7.org/fhir/StructureDefinition/Patient" />
      </type>
      <type>
        <code value="Reference" />
        <targetProfile value="http://www.hl7.org/fhir/StructureDefinition/Group" />
      </type>
      <patternString value=" VRDR Decedent" />
    </element>
    <element id="Condition.onset[x]">
      <path value="Condition.onset[x]" />
      <slicing>
        <discriminator>
          <type value="type" />
          <path value="$this" />
        </discriminator>
        <rules value="open" />
      </slicing>
      <short value="onset[x]" />
      <definition value="SHALL contain exactly one [1..1] onset[x], where onset[x] is one of (CONF:4393-328)" />
      <min value="1" />
      <max value="1" />
    </element>
    <element id="Condition.onset[x]:onsetAge">
      <path value="Condition.onsetAge" />
      <sliceName value="onsetAge" />
      <short value="onsetAge" />
      <definition value="onsetAge (CONF:4393-329)" />
    </element>
    <element id="Condition.onset[x]:onsetString">
      <path value="Condition.onsetString" />
      <sliceName value="onsetString" />
      <short value="onsetString" />
      <definition value="or onsetString (CONF:4393-418)" />
    </element>
    <element id="Condition.asserter">
      <path value="Condition.asserter" />
      <short value="asserter" />
      <definition value="SHALL contain exactly one [1..1] asserter=&quot; VRDR Certifier&quot; (CONF:4393-254)." />
      <min value="1" />
      <max value="1" />
      <type>
        <code value="Reference" />
        <targetProfile value="http://www.hl7.org/fhir/StructureDefinition/Practitioner" />
      </type>
      <type>
        <code value="Reference" />
        <targetProfile value="http://www.hl7.org/fhir/StructureDefinition/Patient" />
      </type>
      <type>
        <code value="Reference" />
        <targetProfile value="http://www.hl7.org/fhir/StructureDefinition/RelatedPerson" />
      </type>
      <patternString value=" VRDR Certifier" />
    </element>
  </differential>
</StructureDefinition>