<CodeSystem xmlns="http://hl7.org/fhir">
  <id value="composition-attestation-mode"/> 
  <meta> 
    <lastUpdated value="2018-12-27T22:37:54.724+11:00"/> 
  </meta> 
  <text> 
    <status value="generated"/> 
    <div xmlns="http://www.w3.org/1999/xhtml">
      <h2> CompositionAttestationMode</h2> 
      <div> 
        <p> The way in which a person authenticated a composition.</p> 

      </div> 
      <p> This code system http://hl7.org/fhir/composition-attestation-mode defines the following
         codes:</p> 
      <table class="codes">
        <tr> 
          <td style="white-space:nowrap">
            <b> Code</b> 
          </td> 
          <td> 
            <b> Display</b> 
          </td> 
          <td> 
            <b> Definition</b> 
          </td> 
        </tr> 
        <tr> 
          <td style="white-space:nowrap">personal
            <a name="composition-attestation-mode-personal"> </a> 
          </td> 
          <td> Personal</td> 
          <td> The person authenticated the content in their personal capacity.</td> 
        </tr> 
        <tr> 
          <td style="white-space:nowrap">professional
            <a name="composition-attestation-mode-professional"> </a> 
          </td> 
          <td> Professional</td> 
          <td> The person authenticated the content in their professional capacity.</td> 
        </tr> 
        <tr> 
          <td style="white-space:nowrap">legal
            <a name="composition-attestation-mode-legal"> </a> 
          </td> 
          <td> Legal</td> 
          <td> The person authenticated the content and accepted legal responsibility for its content.</td> 
        </tr> 
        <tr> 
          <td style="white-space:nowrap">official
            <a name="composition-attestation-mode-official"> </a> 
          </td> 
          <td> Official</td> 
          <td> The organization authenticated the content as consistent with their policies and procedures.</td> 
        </tr> 
      </table> 
    </div> 
  </text> 
  <extension url="http://hl7.org/fhir/StructureDefinition/structuredefinition-wg">
    <valueCode value="sd"/> 
  </extension> 
  <extension url="http://hl7.org/fhir/StructureDefinition/structuredefinition-standards-status">
    <valueCode value="trial-use"/> 
  </extension> 
  <extension url="http://hl7.org/fhir/StructureDefinition/structuredefinition-fmm">
    <valueInteger value="2"/> 
  </extension> 
  <url value="http://hl7.org/fhir/composition-attestation-mode"/> 
  <identifier> 
    <system value="urn:ietf:rfc:3986"/> 
    <value value="urn:oid:2.16.840.1.113883.4.642.1.239"/> 
  </identifier> 
  <version value="4.0.0"/> 
  <name value="CompositionAttestationMode"/> 
  <title value="CompositionAttestationMode"/> 
  <status value="draft"/> 
  <experimental value="false"/> 
  <date value="2018-12-27T22:37:54+11:00"/> 
  <publisher value="HL7 (FHIR Project)"/> 
  <contact> 
    <telecom> 
      <system value="url"/> 
      <value value="http://hl7.org/fhir"/> 
    </telecom> 
    <telecom> 
      <system value="email"/> 
      <value value="fhir@lists.hl7.org"/> 
    </telecom> 
  </contact> 
  <description value="The way in which a person authenticated a composition."/> 
  <caseSensitive value="true"/> 
  <valueSet value="http://hl7.org/fhir/ValueSet/composition-attestation-mode"/> 
  <content value="complete"/> 
  <concept> 
    <code value="personal"/> 
    <display value="Personal"/> 
    <definition value="The person authenticated the content in their personal capacity."/> 
  </concept> 
  <concept> 
    <code value="professional"/> 
    <display value="Professional"/> 
    <definition value="The person authenticated the content in their professional capacity."/> 
  </concept> 
  <concept> 
    <code value="legal"/> 
    <display value="Legal"/> 
    <definition value="The person authenticated the content and accepted legal responsibility for its content."/> 
  </concept> 
  <concept> 
    <code value="official"/> 
    <display value="Official"/> 
    <definition value="The organization authenticated the content as consistent with their policies and procedures."/> 
  </concept> 
</CodeSystem> 