<ValueSet xmlns="http://hl7.org/fhir">
  <id value="condition-code"/> 
  <meta> 
    <lastUpdated value="2018-12-27T22:37:54.724+11:00"/> 
    <profile value="http://hl7.org/fhir/StructureDefinition/shareablevalueset"/> 
  </meta> 
  <text> 
    <status value="generated"/> 
    <div xmlns="http://www.w3.org/1999/xhtml">
      <h2> Condition/Problem/Diagnosis Codes</h2> 
      <div> 
        <p> Example value set for Condition/Problem/Diagnosis codes.</p> 

      </div> 
      <p> 
        <b> Copyright Statement:</b>  This resource includes content from SNOMED Clinical TermsÂ® (SNOMED CTÂ®) which is copyright
         of the International Health Terminology Standards Development Organisation (IHTSDO). Implementers
         of these specifications must have the appropriate SNOMED CT Affiliate license - for more
         information contact http://www.snomed.org/snomed-ct/get-snomed-ct or info@snomed.org
      </p> 
      <p> This value set includes codes from the following code systems:</p> 
      <ul> 
        <li> Include codes from 
          <a href="http://www.snomed.org/">
            <code> http://snomed.info/sct</code> 
          </a>  where concept  is-a  404684003 (Clinical finding)
        </li> 
        <li> Include these codes as defined in 
          <a href="http://www.snomed.org/">
            <code> http://snomed.info/sct</code> 
          </a> 
          <table class="none">
            <tr> 
              <td style="white-space:nowrap">
                <b> Code</b> 
              </td> 
              <td> 
                <b> Display</b> 
              </td> 
            </tr> 
            <tr> 
              <td> 
                <a href="http://browser.ihtsdotools.org/?perspective=full&amp;conceptId1=160245001">160245001</a> 
              </td> 
              <td> No current problems or disability</td> 
              <td/>  
            </tr> 
          </table> 
        </li> 
      </ul> 
    </div> 
  </text> 
  <extension url="http://hl7.org/fhir/StructureDefinition/structuredefinition-wg">
    <valueCode value="pc"/> 
  </extension> 
  <extension url="http://hl7.org/fhir/StructureDefinition/structuredefinition-standards-status">
    <valueCode value="draft"/> 
  </extension> 
  <extension url="http://hl7.org/fhir/StructureDefinition/structuredefinition-fmm">
    <valueInteger value="1"/> 
  </extension> 
  <url value="http://hl7.org/fhir/ValueSet/condition-code"/> 
  <identifier> 
    <system value="urn:ietf:rfc:3986"/> 
    <value value="urn:oid:2.16.840.1.113883.4.642.3.161"/> 
  </identifier> 
  <version value="4.0.0"/> 
  <name value="Condition/Problem/DiagnosisCodes"/> 
  <title value="Condition/Problem/Diagnosis Codes"/> 
  <status value="draft"/> 
  <experimental value="false"/> 
  <date value="2018-12-27T22:37:54+11:00"/> 
  <publisher value="FHIR Project team"/> 
  <contact> 
    <telecom> 
      <system value="url"/> 
      <value value="http://hl7.org/fhir"/> 
    </telecom> 
  </contact> 
  <description value="Example value set for Condition/Problem/Diagnosis codes."/> 
  <copyright value="This resource includes content from SNOMED Clinical TermsÂ® (SNOMED CTÂ®) which is copyright
   of the International Health Terminology Standards Development Organisation (IHTSDO). Implementers
   of these specifications must have the appropriate SNOMED CT Affiliate license - for more
   information contact http://www.snomed.org/snomed-ct/get-snomed-ct or info@snomed.org"/> 
  <compose> 
    <include> 
      <system value="http://snomed.info/sct"/> 
      <filter> 
        <property value="concept"/> 
        <op value="is-a"/> 
        <value value="404684003"/> 
      </filter> 
    </include> 
    <include> 
      <system value="http://snomed.info/sct"/> 
      <concept> 
        <code value="160245001"/> 
        <display value="No current problems or disability"/> 
      </concept> 
    </include> 
  </compose> 
</ValueSet> 