<ValueSet xmlns="http://hl7.org/fhir">
  <id value="performer-role"/> 
  <meta> 
    <lastUpdated value="2018-12-27T22:37:54.724+11:00"/> 
    <profile value="http://hl7.org/fhir/StructureDefinition/shareablevalueset"/> 
  </meta> 
  <text> 
    <status value="generated"/> 
    <div xmlns="http://www.w3.org/1999/xhtml">
      <h2> Procedure Performer Role Codes</h2> 
      <div> 
        <p> This example value set defines the set of codes that can be used to indicate a role of
           a procedure performer.</p> 

      </div> 
      <p> 
        <b> Copyright Statement:</b>  This resource includes content from SNOMED Clinical TermsÂ® (SNOMED CTÂ®) which is copyright
         of the International Health Terminology Standards Development Organisation (IHTSDO). Implementers
         of these specifications must have the appropriate SNOMED CT Affiliate license - for more
         information contact http://www.snomed.org/snomed-ct/get-snomed-ct or info@snomed.org
      </p> 
      <p> This value set includes codes from the following code systems:</p> 
      <ul> 
        <li> Include codes from 
          <a href="http://www.snomed.org/">
            <code> http://snomed.info/sct</code> 
          </a>  where concept  is-a  223366009 (Healthcare professional)
        </li> 
      </ul> 
    </div> 
  </text> 
  <extension url="http://hl7.org/fhir/StructureDefinition/structuredefinition-wg">
    <valueCode value="pc"/> 
  </extension> 
  <extension url="http://hl7.org/fhir/StructureDefinition/structuredefinition-standards-status">
    <valueCode value="draft"/> 
  </extension> 
  <extension url="http://hl7.org/fhir/StructureDefinition/structuredefinition-fmm">
    <valueInteger value="1"/> 
  </extension> 
  <url value="http://hl7.org/fhir/ValueSet/performer-role"/> 
  <identifier> 
    <system value="urn:ietf:rfc:3986"/> 
    <value value="urn:oid:2.16.840.1.113883.4.642.3.433"/> 
  </identifier> 
  <version value="4.0.0"/> 
  <name value="ProcedurePerformerRoleCodes"/> 
  <title value="Procedure Performer Role Codes"/> 
  <status value="draft"/> 
  <experimental value="false"/> 
  <date value="2018-12-27T22:37:54+11:00"/> 
  <publisher value="FHIR Project team"/> 
  <contact> 
    <telecom> 
      <system value="url"/> 
      <value value="http://hl7.org/fhir"/> 
    </telecom> 
  </contact> 
  <description value="This example value set defines the set of codes that can be used to indicate a role of
   a procedure performer."/> 
  <copyright value="This resource includes content from SNOMED Clinical TermsÂ® (SNOMED CTÂ®) which is copyright
   of the International Health Terminology Standards Development Organisation (IHTSDO). Implementers
   of these specifications must have the appropriate SNOMED CT Affiliate license - for more
   information contact http://www.snomed.org/snomed-ct/get-snomed-ct or info@snomed.org"/> 
  <compose> 
    <include> 
      <system value="http://snomed.info/sct"/> 
      <filter> 
        <property value="concept"/> 
        <op value="is-a"/> 
        <value value="223366009"/> 
      </filter> 
    </include> 
  </compose> 
</ValueSet> 