<StructureDefinition    xmlns="http://hl7.org/fhir">    <id value="VRDR-Interested-Party" />    <url value="http://hl7.org/fhir/us/vrdr/StructureDefinition/VRDR-Interested-Party" />    <name value="VRDR Interested Party" />    <status value="draft" />    <publisher value="Hi3 Solutions" />    <contact>        <name value="AbdulMalik Shakir" />        <telecom>            <system value="phone" />            <value value="6266444491" />            <use value="work" />        </telecom>        <telecom>            <system value="email" />            <value value="abdulmalik.shakir@hi3solutions.com" />            <use value="work" />        </telecom>    </contact>    <kind value="resource" />    <abstract value="false" />    <contextType value="resource" />    <context value="Organization" />    <type value="Organization" />    <baseDefinition value="http://hl7.org/fhir/StructureDefinition/Organization" />    <derivation value="constraint" />    <differential>        <element id="Organization">            <path value="Organization" />        </element>        <element id="Organization.id">            <path value="Organization.id" />            <short value="id" />            <definition value="MAY contain zero or one [0..1] id (CONF:4393-379)." />            <min value="0" />            <max value="1" />        </element>        <element id="Organization.meta">            <path value="Organization.meta" />            <short value="meta" />            <definition value="MAY contain zero or one [0..1] meta (CONF:4393-378)." />            <min value="0" />            <max value="1" />        </element>        <element id="Organization.meta.profile">            <path value="Organization.meta.profile" />            <short value="profile" />            <definition value="The meta, if present, SHALL contain exactly one [1..1] profile=&quot;http://hl7.org/fhir/us/vrdr/StructureDefinition/VRDR-Interested-Party&quot; (CONF:4393-380)." />            <min value="1" />            <max value="1" />            <patternString value="http://hl7.org/fhir/us/vrdr/StructureDefinition/VRDR-Interested-Party" />        </element>        <element id="Organization.identifier">            <path value="Organization.identifier" />            <short value="identifier" />            <definition value="SHALL contain exactly one [1..1] identifier (CONF:4393-383)." />            <min value="1" />            <max value="1" />        </element>        <element id="Organization.active">            <path value="Organization.active" />            <short value="active" />            <definition value="SHALL contain exactly one [1..1] active (CONF:4393-381)." />            <min value="1" />            <max value="1" />        </element>        <element id="Organization.type">            <path value="Organization.type" />            <short value="type" />            <definition value="SHALL contain exactly one [1..1] type, which SHALL be selected from ValueSet OrganizationType http://hl7.org/fhir/ValueSet/OrganizationType DYNAMIC (CONF:4393-386)." />            <min value="1" />            <max value="1" />            <type>                <code value="CodeableConcept" />            </type>            <binding>                <strength value="required" />                <valueSetReference>                    <reference value="http://hl7.org/fhir/ValueSet/OrganizationType" />                    <display value="OrganizationType" />                </valueSetReference>            </binding>        </element>        <element id="Organization.name">            <path value="Organization.name" />            <short value="name" />            <definition value="SHALL contain exactly one [1..1] name (CONF:4393-384)." />            <min value="1" />            <max value="1" />        </element>        <element id="Organization.address">            <path value="Organization.address" />            <short value="address" />            <definition value="SHALL contain exactly one [1..1] address (CONF:4393-382)." />            <min value="1" />            <max value="1" />        </element>        <element id="Organization.partOf">            <path value="Organization.partOf" />            <short value="partOf" />            <definition value="SHALL contain exactly one [1..1] partOf=&quot; VRDR Interested Party&quot; (CONF:4393-385)." />            <min value="1" />            <max value="1" />            <type>                <code value="Reference" />                <targetProfile value="http://hl7.org/fhir/StructureDefinition/Organization" />            </type>            <patternString value=" VRDR Interested Party" />        </element>    </differential></StructureDefinition>