<StructureDefinition    xmlns="http://hl7.org/fhir">    <id value="VRDR-Decedent-Transportation-Role" />    <url value="http://hl7.org/fhir/us/vrdr/StructureDefinition/VRDR-Decedent-Transportation-Role" />    <name value="VRDR Decedent Transportation Role" />    <status value="draft" />    <publisher value="Hi3 Solutions" />    <contact>        <name value="AbdulMalik Shakir" />        <telecom>            <system value="phone" />            <value value="6266444491" />            <use value="work" />        </telecom>        <telecom>            <system value="email" />            <value value="abdulmalik.shakir@hi3solutions.com" />            <use value="work" />        </telecom>    </contact>    <kind value="resource" />    <abstract value="false" />    <contextType value="resource" />    <context value="Observation" />    <type value="Observation" />    <baseDefinition value="http://hl7.org/fhir/StructureDefinition/Observation" />    <derivation value="constraint" />    <differential>        <element id="Observation">            <path value="Observation" />        </element>        <element id="Observation.id">            <path value="Observation.id" />            <short value="id" />            <definition value="MAY contain zero or one [0..1] id (CONF:4393-284)." />            <min value="0" />            <max value="1" />        </element>        <element id="Observation.meta">            <path value="Observation.meta" />            <short value="meta" />            <definition value="MAY contain zero or one [0..1] meta (CONF:4393-283)." />            <min value="0" />            <max value="1" />        </element>        <element id="Observation.meta.profile">            <path value="Observation.meta.profile" />            <short value="profile" />            <definition value="The meta, if present, SHALL contain exactly one [1..1] profile=&quot;http://hl7.org/fhir/us/vrdr/StructureDefinition/VRDR-Decedent-Transportation-Role&quot; (CONF:4393-285)." />            <min value="1" />            <max value="1" />            <patternString value="http://hl7.org/fhir/us/vrdr/StructureDefinition/VRDR-Decedent-Transportation-Role" />        </element>        <element id="Observation.status">            <path value="Observation.status" />            <short value="status" />            <definition value="SHALL contain exactly one [1..1] status=&quot;&quot;final&quot;&quot; (CONF:4393-287)." />            <min value="1" />            <max value="1" />            <type>                <code value="code" />            </type>            <fixedString value="&quot;final&quot;" />        </element>        <element id="Observation.code">            <path value="Observation.code" />            <short value="code" />            <definition value="SHALL contain exactly one [1..1] code=&quot;&quot;69451-3&quot;&quot; (CONF:4393-286)." />            <min value="1" />            <max value="1" />            <type>                <code value="CodeableConcept" />            </type>            <fixedCodeableConcept>                <coding>                    <code value="&quot;69451-3&quot;" />                </coding>            </fixedCodeableConcept>        </element>        <element id="Observation.subject">            <path value="Observation.subject" />            <short value="subject" />            <definition value="SHALL contain exactly one [1..1] subject=&quot; VRDR Decedent&quot; (CONF:4393-288)." />            <min value="1" />            <max value="1" />            <type>                <code value="Reference" />                <targetProfile value="http://hl7.org/fhir/StructureDefinition/Patient" />            </type>            <type>                <code value="Reference" />                <targetProfile value="http://hl7.org/fhir/StructureDefinition/Group" />            </type>            <type>                <code value="Reference" />                <targetProfile value="http://hl7.org/fhir/StructureDefinition/Device" />            </type>            <type>                <code value="Reference" />                <targetProfile value="http://hl7.org/fhir/StructureDefinition/Location" />            </type>            <patternString value=" VRDR Decedent" />        </element>        <element id="Observation.value[x]">            <path value="Observation.value[x]" />            <slicing>                <discriminator>                    <type value="type" />                    <path value="$this" />                </discriminator>                <rules value="open" />            </slicing>            <short value="value[x]" />            <definition value="SHALL contain exactly one [1..1] value[x], where value[x] is (CONF:4393-330)" />            <min value="1" />            <max value="1" />        </element>        <element id="Observation.value[x]:valueCodeableConcept">            <path value="Observation.valueCodeableConcept" />            <sliceName value="valueCodeableConcept" />            <short value="valueCodeableConcept" />            <definition value="valueCodeableConcept, which SHALL be selected from ValueSet TransportationRelationships http://hl7.org/fhir/ValueSet/TransportationRelationships DYNAMIC (CONF:4393-331)" />            <binding>                <strength value="required" />                <valueSetReference>                    <reference value="http://hl7.org/fhir/ValueSet/TransportationRelationships" />                    <display value="TransportationRelationships" />                </valueSetReference>            </binding>        </element>    </differential></StructureDefinition>