<StructureDefinition
    xmlns="http://hl7.org/fhir">
    <id value="VRDR-Death-Pronouncement-Performer" />
    <url value="http://hl7.org/fhir/us/vrdr/StructureDefinition/VRDR-Death-Pronouncement-Performer" />
    <name value="VRDR Death Pronouncement Performer" />
    <status value="draft" />
    <publisher value="Hi3 Solutions" />
    <contact>
        <name value="AbdulMalik Shakir" />
        <telecom>
            <system value="phone" />
            <value value="6266444491" />
            <use value="work" />
        </telecom>
        <telecom>
            <system value="email" />
            <value value="abdulmalik.shakir@hi3solutions.com" />
            <use value="work" />
        </telecom>
    </contact>
    <kind value="resource" />
    <abstract value="false" />
    <contextType value="resource" />
    <context value="Practitioner" />
    <type value="Practitioner" />
    <baseDefinition value="http://hl7.org/fhir/StructureDefinition/Practitioner" />
    <derivation value="constraint" />
    <differential>
        <element id="Practitioner">
            <path value="Practitioner" />
        </element>
        <element id="Practitioner.id">
            <path value="Practitioner.id" />
            <short value="id" />
            <definition value="SHALL contain exactly one [1..1] id (CONF:4393-68)." />
            <min value="1" />
            <max value="1" />
        </element>
        <element id="Practitioner.meta">
            <path value="Practitioner.meta" />
            <short value="meta" />
            <definition value="SHALL contain exactly one [1..1] meta (CONF:4393-66)." />
            <min value="1" />
            <max value="1" />
        </element>
        <element id="Practitioner.meta.profile">
            <path value="Practitioner.meta.profile" />
            <short value="profile" />
            <definition value="This meta SHALL contain exactly one [1..1] profile=&quot;http://hl7.org/fhir/us/vrdr/StructureDefinition/VRDR-Death-Pronouncement-Performer&quot; (CONF:4393-69)." />
            <min value="1" />
            <max value="1" />
            <patternString value="http://hl7.org/fhir/us/vrdr/StructureDefinition/VRDR-Death-Pronouncement-Performer" />
        </element>
        <element id="Practitioner.name">
            <path value="Practitioner.name" />
            <short value="name" />
            <definition value="SHALL contain exactly one [1..1] name (CONF:4393-70)." />
            <min value="1" />
            <max value="1" />
        </element>
        <element id="Practitioner.qualification">
            <path value="Practitioner.qualification" />
            <short value="qualification" />
            <definition value="SHALL contain exactly one [1..1] qualification (CONF:4393-67)." />
            <min value="1" />
            <max value="1" />
        </element>
        <element id="Practitioner.qualification.identifier">
            <path value="Practitioner.qualification.identifier" />
            <short value="identifier" />
            <definition value="This qualification SHALL contain exactly one [1..1] identifier (CONF:4393-71)." />
            <min value="1" />
            <max value="1" />
        </element>
        <element id="Practitioner.qualification.code">
            <path value="Practitioner.qualification.code" />
            <short value="code" />
            <definition value="This qualification SHALL contain exactly one [1..1] code (CONF:4393-72)." />
            <min value="1" />
            <max value="1" />
        </element>
    </differential>
</StructureDefinition>