<StructureDefinition    xmlns="http://hl7.org/fhir">    <id value="VRDR-Condition-Contributintg-To-Death" />    <url value="http://hl7.org/fhir/us/vrdr/StructureDefinition/VRDR-Condition-Contributintg-To-Death" />    <name value="VRDR Condition Contributintg To Death" />    <status value="draft" />    <publisher value="Hi3 Solutions" />    <contact>        <name value="AbdulMalik Shakir" />        <telecom>            <system value="phone" />            <value value="6266444491" />            <use value="work" />        </telecom>        <telecom>            <system value="email" />            <value value="abdulmalik.shakir@hi3solutions.com" />            <use value="work" />        </telecom>    </contact>    <kind value="resource" />    <abstract value="false" />    <contextType value="resource" />    <context value="Condition" />    <type value="Condition" />    <baseDefinition value="http://hl7.org/fhir/StructureDefinition/Condition" />    <derivation value="constraint" />    <differential>        <element id="Condition">            <path value="Condition" />        </element>        <element id="Condition.id">            <path value="Condition.id" />            <short value="id" />            <definition value="MAY contain zero or one [0..1] id (CONF:4393-326)." />            <min value="0" />            <max value="1" />        </element>        <element id="Condition.meta">            <path value="Condition.meta" />            <short value="meta" />            <definition value="MAY contain zero or one [0..1] meta (CONF:4393-325)." />            <min value="0" />            <max value="1" />        </element>        <element id="Condition.meta.profile">            <path value="Condition.meta.profile" />            <short value="profile" />            <definition value="The meta, if present, SHALL contain exactly one [1..1] profile=&quot;http://hl7.org/fhir/us/vrdr/StructureDefinition/VRDR-Condition-Contributintg-To-Death&quot; (CONF:4393-327)." />            <min value="1" />            <max value="1" />            <patternString value="http://hl7.org/fhir/us/vrdr/StructureDefinition/VRDR-Condition-Contributintg-To-Death" />        </element>        <element id="Condition.code">            <path value="Condition.code" />            <short value="code" />            <definition value="SHALL contain exactly one [1..1] code, which SHALL be selected from ValueSet Condition-code http://hl7.org/fhir/ValueSet/Condition-code DYNAMIC (CONF:4393-332)." />            <min value="1" />            <max value="1" />            <type>                <code value="CodeableConcept" />            </type>            <binding>                <strength value="required" />                <valueSetReference>                    <reference value="http://hl7.org/fhir/ValueSet/Condition-code" />                    <display value="Condition-code" />                </valueSetReference>            </binding>        </element>        <element id="Condition.code.coding">            <path value="Condition.code.coding" />            <short value="coding" />            <definition value="This code MAY contain zero or more [0..*] coding (CONF:4393-333)." />            <min value="0" />            <max value="*" />        </element>        <element id="Condition.code.coding.code">            <path value="Condition.code.coding.code" />            <short value="code" />            <definition value="The coding, if present, SHALL contain exactly one [1..1] code (ValueSet: Condition-code http://hl7.org/fhir/ValueSet/Condition-code DYNAMIC) (CONF:4393-334)." />            <min value="1" />            <max value="1" />            <binding>                <strength value="required" />                <valueSetReference>                    <reference value="http://hl7.org/fhir/ValueSet/Condition-code" />                    <display value="Condition-code" />                </valueSetReference>            </binding>        </element>        <element id="Condition.code.text">            <path value="Condition.code.text" />            <short value="text" />            <definition value="This code SHALL contain exactly one [1..1] text (CONF:4393-335)." />            <min value="1" />            <max value="1" />        </element>        <element id="Condition.subject">            <path value="Condition.subject" />            <short value="subject" />            <definition value="SHALL contain exactly one [1..1] subject=&quot;VRDR Decedent&quot; (CONF:4393-336)." />            <min value="1" />            <max value="1" />            <type>                <code value="Reference" />                <targetProfile value="http://hl7.org/fhir/StructureDefinition/Patient" />            </type>            <type>                <code value="Reference" />                <targetProfile value="http://hl7.org/fhir/StructureDefinition/Group" />            </type>            <patternString value="VRDR Decedent" />        </element>    </differential></StructureDefinition>