<StructureDefinition    xmlns="http://hl7.org/fhir">    <id value="VRDR-Death-Certificate" />    <url value="http://hl7.org/fhir/us/vrdr/StructureDefinition/VRDR-Death-Certificate" />    <name value="VRDR Death Certificate" />    <status value="draft" />    <publisher value="Hi3 Solutions" />    <contact>        <name value="AbdulMalik Shakir" />        <telecom>            <system value="phone" />            <value value="6266444491" />            <use value="work" />        </telecom>        <telecom>            <system value="email" />            <value value="abdulmalik.shakir@hi3solutions.com" />            <use value="work" />        </telecom>    </contact>    <kind value="resource" />    <abstract value="false" />    <contextType value="resource" />    <context value="Composition" />    <type value="Composition" />    <baseDefinition value="http://hl7.org/fhir/StructureDefinition/Composition" />    <derivation value="constraint" />    <differential>        <element id="Composition">            <path value="Composition" />        </element>        <element id="Composition.id">            <path value="Composition.id" />            <short value="id" />            <definition value="MAY contain zero or one [0..1] id (CONF:4393-364)." />            <min value="0" />            <max value="1" />        </element>        <element id="Composition.meta">            <path value="Composition.meta" />            <short value="meta" />            <definition value="MAY contain zero or one [0..1] meta (CONF:4393-363)." />            <min value="0" />            <max value="1" />        </element>        <element id="Composition.meta.profile">            <path value="Composition.meta.profile" />            <short value="profile" />            <definition value="The meta, if present, SHALL contain exactly one [1..1] profile=&quot;http://hl7.org/fhir/us/vrdr/StructureDefinition/VRDR-Death-Certificate&quot; (CONF:4393-365)." />            <min value="1" />            <max value="1" />            <patternString value="http://hl7.org/fhir/us/vrdr/StructureDefinition/VRDR-Death-Certificate" />        </element>        <element id="Composition.identifier">            <path value="Composition.identifier" />            <short value="identifier" />            <definition value="SHALL contain exactly one [1..1] identifier (CONF:4393-374)." />            <min value="1" />            <max value="1" />        </element>        <element id="Composition.status">            <path value="Composition.status" />            <short value="status" />            <definition value="SHALL contain exactly one [1..1] status, which SHALL be selected from ValueSet CompositionStatus http://hl7.org/fhir/ValueSet/CompositionStatus DYNAMIC (CONF:4393-375)." />            <min value="1" />            <max value="1" />            <type>                <code value="code" />            </type>            <binding>                <strength value="required" />                <valueSetReference>                    <reference value="http://hl7.org/fhir/ValueSet/CompositionStatus" />                    <display value="CompositionStatus" />                </valueSetReference>            </binding>        </element>        <element id="Composition.type">            <path value="Composition.type" />            <short value="type" />            <definition value="SHALL contain exactly one [1..1] type=&quot; &quot;64297-5&quot;&quot; (CONF:4393-377)." />            <min value="1" />            <max value="1" />            <type>                <code value="CodeableConcept" />            </type>            <fixedCodeableConcept>                <coding>                    <code value=" &quot;64297-5&quot;" />                </coding>            </fixedCodeableConcept>        </element>        <element id="Composition.subject">            <path value="Composition.subject" />            <short value="subject" />            <definition value="SHALL contain exactly one [1..1] subject=&quot;VRDR Decedent&quot; (CONF:4393-376)." />            <min value="1" />            <max value="1" />            <type>                <code value="Reference" />                <targetProfile value="http://hl7.org/fhir/StructureDefinition/Resource" />            </type>            <patternString value="VRDR Decedent" />        </element>        <element id="Composition.date">            <path value="Composition.date" />            <short value="date" />            <definition value="SHALL contain exactly one [1..1] date (CONF:4393-370)." />            <min value="1" />            <max value="1" />        </element>        <element id="Composition.attester">            <path value="Composition.attester" />            <short value="attester" />            <definition value="SHALL contain exactly one [1..1] attester=&quot;&quot;legal&quot;&quot; (CONF:4393-366)." />            <min value="1" />            <max value="1" />            <type>                <code value="BackboneElement" />            </type>            <fixedString value="&quot;legal&quot;" />        </element>        <element id="Composition.attester.mode">            <path value="Composition.attester.mode" />            <short value="mode" />            <definition value="This attester SHALL contain exactly one [1..1] mode=&quot;&quot;legal&quot;&quot; (CONF:4393-367)." />            <min value="1" />            <max value="1" />            <type>                <code value="code" />            </type>            <fixedString value="&quot;legal&quot;" />        </element>        <element id="Composition.attester.time">            <path value="Composition.attester.time" />            <short value="time" />            <definition value="This attester SHALL contain exactly one [1..1] time (CONF:4393-369)." />            <min value="1" />            <max value="1" />        </element>        <element id="Composition.attester.party">            <path value="Composition.attester.party" />            <short value="party" />            <definition value="This attester SHALL contain exactly one [1..1] party=&quot;VRDR Certifier&quot; (CONF:4393-368)." />            <min value="1" />            <max value="1" />            <type>                <code value="Reference" />                <targetProfile value="http://hl7.org/fhir/StructureDefinition/Patient" />            </type>            <type>                <code value="Reference" />                <targetProfile value="http://hl7.org/fhir/StructureDefinition/Practitioner" />            </type>            <type>                <code value="Reference" />                <targetProfile value="http://hl7.org/fhir/StructureDefinition/Organization" />            </type>            <patternString value="VRDR Certifier" />        </element>        <element id="Composition.event">            <path value="Composition.event" />            <short value="event" />            <definition value="SHALL contain exactly one [1..1] event=&quot;&quot;103693007&quot;&quot; (CONF:4393-371)." />            <min value="1" />            <max value="1" />            <type>                <code value="BackboneElement" />            </type>            <fixedString value="&quot;103693007&quot;" />        </element>        <element id="Composition.event.code">            <path value="Composition.event.code" />            <short value="code" />            <definition value="This event SHALL contain exactly one [1..1] code=&quot;&quot;103693007&quot;&quot; (CONF:4393-372)." />            <min value="1" />            <max value="1" />            <type>                <code value="CodeableConcept" />            </type>            <fixedCodeableConcept>                <coding>                    <code value="&quot;103693007&quot;" />                </coding>            </fixedCodeableConcept>        </element>        <element id="Composition.event.detail">            <path value="Composition.event.detail" />            <short value="detail" />            <definition value="This event SHALL contain exactly one [1..1] detail=&quot;VRDR Death Certification&quot; (CONF:4393-373)." />            <min value="1" />            <max value="1" />            <type>                <code value="Reference" />                <targetProfile value="http://hl7.org/fhir/StructureDefinition/Resource" />            </type>            <patternString value="VRDR Death Certification" />        </element>    </differential></StructureDefinition>